2022/11/12 11:26:13,8.579
2022/11/12 11:26:14,8.579
2022/11/12 11:26:15,8.579
2022/11/12 11:26:16,8.579
2022/11/12 11:26:17,9.142
2022/11/12 11:26:18,48.664
2022/11/12 11:26:19,0.0
2022/11/12 11:26:20,0.0
2022/11/12 11:26:21,0.0
2022/11/12 11:26:22,0.0
2022/11/12 11:26:23,0.0
2022/11/12 11:26:24,0.0
2022/11/12 11:26:25,0.0
2022/11/12 11:26:26,0.0
2022/11/12 11:26:27,0.0
2022/11/12 11:26:28,0.0
2022/11/12 11:26:29,0.0
2022/11/12 11:26:30,0.0
2022/11/12 11:26:31,0.0
2022/11/12 11:26:32,0.0
2022/11/12 11:26:33,0.0
2022/11/12 12:31:41,7.454
2022/11/12 12:31:42,7.454
2022/11/12 12:31:43,7.595
2022/11/12 12:31:44,7.454
2022/11/12 12:31:45,7.454
2022/11/12 12:31:46,7.595
2022/11/12 12:31:47,7.595
2022/11/12 12:31:48,7.595
2022/11/12 12:31:49,7.736
2022/11/12 12:31:50,7.595
2022/11/12 12:31:51,7.736
2022/11/12 12:31:53,7.595
2022/11/12 12:31:54,7.736
2022/11/12 12:31:55,7.595
2022/11/12 12:31:56,7.595
2022/11/12 12:31:57,7.736
2022/11/12 12:31:58,7.736
2022/11/12 12:31:59,7.736
2022/11/12 12:32:00,7.736
2022/11/12 12:32:01,7.736
2022/11/12 12:32:02,7.736
2022/11/12 12:32:03,7.736
2022/11/12 12:32:04,7.736
2022/11/12 12:32:05,7.595
2022/11/12 12:32:06,7.595
2022/11/12 12:32:07,7.736
2022/11/12 12:32:08,7.736
2022/11/12 12:32:09,7.595
2022/11/12 12:32:10,7.595
2022/11/12 12:32:11,7.736
2022/11/12 12:32:12,7.595
2022/11/12 12:32:13,7.736
2022/11/12 12:32:14,7.595
2022/11/12 12:32:15,7.736
2022/11/12 12:32:16,7.595
2022/11/12 12:32:17,7.595
2022/11/12 12:32:18,7.736
2022/11/12 12:32:19,7.595
2022/11/12 12:32:20,7.454
2022/11/12 12:32:21,7.595
2022/11/12 12:32:22,7.595
2022/11/12 12:32:23,7.595
2022/11/12 12:32:24,7.595
2022/11/12 12:32:25,7.454
2022/11/12 12:32:26,7.595
2022/11/12 12:32:27,7.736
2022/11/12 12:32:28,7.454
2022/11/12 12:32:29,7.736
2022/11/12 12:32:30,7.454
2022/11/12 12:32:31,7.736
2022/11/12 12:32:32,7.595
2022/11/12 12:32:33,7.595
2022/11/12 12:32:34,7.595
2022/11/12 12:32:35,7.595
2022/11/12 12:32:36,7.595
2022/11/12 12:32:37,7.595
2022/11/12 12:32:38,7.595
2022/11/12 12:32:39,7.736
2022/11/12 12:32:40,7.595
2022/11/12 12:32:41,7.736
2022/11/12 12:32:42,7.736
2022/11/12 12:32:43,7.736
2022/11/12 12:32:44,7.595
2022/11/12 12:32:45,7.736
2022/11/12 12:32:47,7.595
2022/11/12 12:32:48,7.595
2022/11/12 12:32:49,7.595
2022/11/12 12:32:50,7.736
2022/11/12 12:32:51,7.595
2022/11/12 12:32:52,7.454
2022/11/12 12:32:53,7.595
2022/11/12 12:32:54,7.595
2022/11/12 12:32:55,7.595
2022/11/12 12:32:56,7.595
2022/11/12 12:32:57,7.595
2022/11/12 12:32:58,7.454
2022/11/12 12:32:59,7.595
2022/11/12 12:33:00,7.595
2022/11/12 12:33:01,7.454
2022/11/12 12:33:02,7.595
2022/11/12 12:33:03,7.595
2022/11/12 12:33:04,7.595
2022/11/12 12:33:05,7.595
2022/11/12 12:33:06,7.595
2022/11/12 12:33:07,7.595
2022/11/12 12:33:08,7.595
2022/11/12 12:33:09,7.595
2022/11/12 12:33:10,7.595
2022/11/12 12:33:11,7.736
2022/11/12 12:33:12,7.595
2022/11/12 12:33:13,7.595
2022/11/12 12:33:14,7.595
2022/11/12 12:33:15,7.595
2022/11/12 12:33:16,7.595
2022/11/12 12:33:17,7.595
2022/11/12 12:33:18,7.595
2022/11/12 12:33:19,7.595
2022/11/12 12:33:20,7.595
2022/11/12 12:33:21,7.595
2022/11/12 12:33:22,7.595
2022/11/12 12:33:23,7.032
2022/11/12 12:33:24,6.188
2022/11/12 12:33:25,6.47
2022/11/12 12:33:26,6.47
2022/11/12 12:33:27,6.47
2022/11/12 12:33:28,6.61
2022/11/12 12:33:29,6.61
2022/11/12 12:33:30,6.61
2022/11/12 12:33:31,6.751
2022/11/12 12:33:32,6.61
2022/11/12 12:33:33,6.61
2022/11/12 12:33:34,6.751
2022/11/12 12:33:35,6.61
2022/11/12 12:33:36,6.61
2022/11/12 12:33:37,6.61
2022/11/12 12:33:38,6.61
2022/11/12 12:33:39,6.61
2022/11/12 12:33:40,6.61
2022/11/12 12:33:41,6.61
2022/11/12 12:33:42,6.61
2022/11/12 12:33:43,6.61
2022/11/12 12:33:44,6.61
2022/11/12 12:33:45,6.61
2022/11/12 12:33:46,6.61
2022/11/12 12:33:47,6.61
2022/11/12 12:33:48,6.61
2022/11/12 12:33:49,6.47
2022/11/12 12:33:50,6.61
2022/11/12 12:33:51,6.61
2022/11/12 12:33:52,6.47
2022/11/12 12:33:53,6.61
2022/11/12 12:33:54,6.61
2022/11/12 12:33:55,6.47
2022/11/12 12:33:56,6.61
2022/11/12 12:33:57,6.47
2022/11/12 12:33:58,6.61
2022/11/12 12:33:59,6.47
2022/11/12 12:34:00,6.47
2022/11/12 12:34:01,6.47
2022/11/12 12:34:02,6.47
2022/11/12 12:34:03,6.47
2022/11/12 12:34:04,6.47
2022/11/12 12:34:05,6.329
2022/11/12 12:34:06,6.47
2022/11/12 12:34:07,6.329
2022/11/12 12:34:08,6.47
2022/11/12 12:34:09,6.61
2022/11/12 12:34:10,7.595
2022/11/12 12:34:11,7.595
2022/11/12 12:34:12,7.595
2022/11/12 12:34:13,7.454
2022/11/12 12:34:14,7.595
2022/11/12 12:34:15,7.595
2022/11/12 12:34:16,7.595
2022/11/12 12:34:17,7.595
2022/11/12 12:34:18,7.595
2022/11/12 12:34:19,7.595
2022/11/12 12:34:20,7.595
2022/11/12 12:34:21,7.595
2022/11/12 12:34:22,7.595
2022/11/12 12:34:23,7.454
2022/11/12 12:34:24,7.595
2022/11/12 12:34:25,7.595
2022/11/12 12:34:26,7.595
2022/11/12 12:34:27,7.595
2022/11/12 12:34:28,7.454
2022/11/12 12:34:29,7.595
2022/11/12 12:34:30,7.595
2022/11/12 12:34:31,7.595
2022/11/12 12:34:32,7.595
2022/11/12 12:34:33,7.454
2022/11/12 12:34:34,7.595
2022/11/12 12:34:35,7.595
2022/11/12 12:34:36,7.595
2022/11/12 12:34:37,7.736
2022/11/12 12:34:38,7.595
2022/11/12 12:34:39,7.454
2022/11/12 12:34:40,7.736
2022/11/12 12:34:41,7.454
2022/11/12 12:34:42,7.454
2022/11/12 12:34:43,7.595
2022/11/12 12:34:44,7.454
2022/11/12 12:34:45,6.892
2022/11/12 12:34:46,7.454
2022/11/12 12:34:47,7.454
2022/11/12 12:34:48,7.454
2022/11/12 12:34:49,7.595
2022/11/12 12:34:50,7.454
2022/11/12 12:34:51,7.454
2022/11/12 12:34:52,7.454
2022/11/12 12:34:53,7.595
2022/11/12 12:34:54,7.454
2022/11/12 12:34:55,7.595
2022/11/12 12:34:56,7.454
2022/11/12 12:34:57,7.595
2022/11/12 12:34:58,7.454
2022/11/12 12:34:59,7.595
2022/11/12 12:35:00,7.595
2022/11/12 12:35:01,7.595
2022/11/12 12:35:02,7.454
2022/11/12 12:35:03,7.454
2022/11/12 12:35:04,7.595
2022/11/12 12:35:06,7.595
2022/11/12 12:35:07,7.454
2022/11/12 12:35:08,7.595
2022/11/12 12:35:09,7.454
2022/11/12 12:35:10,7.454
2022/11/12 12:35:11,7.454
2022/11/12 12:35:12,7.454
2022/11/12 12:35:13,7.454
2022/11/12 12:35:14,7.595
2022/11/12 12:35:15,7.454
2022/11/12 12:35:16,7.454
2022/11/12 12:35:17,7.454
2022/11/12 12:35:18,7.454
2022/11/12 12:35:19,7.595
2022/11/12 12:35:20,7.454
2022/11/12 12:35:21,7.454
2022/11/12 12:35:22,7.314
2022/11/12 12:35:23,7.595
2022/11/12 12:35:24,7.454
2022/11/12 12:35:25,7.454
2022/11/12 12:35:26,7.454
2022/11/12 12:35:27,7.454
2022/11/12 12:35:28,7.595
2022/11/12 12:35:29,7.454
2022/11/12 12:35:30,7.595
2022/11/12 12:35:31,7.454
2022/11/12 12:35:32,7.454
2022/11/12 12:35:33,7.454
2022/11/12 12:35:34,7.454
2022/11/12 12:35:35,7.454
2022/11/12 12:35:36,7.454
2022/11/12 12:35:37,7.595
2022/11/12 12:35:38,7.454
2022/11/12 12:35:39,7.454
2022/11/12 12:35:40,7.454
2022/11/12 12:35:41,7.595
2022/11/12 12:35:42,7.595
2022/11/12 12:35:43,7.454
2022/11/12 12:35:44,7.454
2022/11/12 12:35:45,7.595
2022/11/12 12:35:46,7.454
2022/11/12 12:35:47,7.454
2022/11/12 12:35:48,7.454
2022/11/12 12:35:49,7.454
2022/11/12 12:35:50,7.595
2022/11/12 12:35:51,7.595
2022/11/12 12:35:52,7.454
2022/11/12 12:35:53,7.454
2022/11/12 12:35:54,7.454
2022/11/12 12:35:55,7.314
2022/11/12 12:35:56,7.454
2022/11/12 12:35:57,7.454
2022/11/12 12:35:58,7.314
2022/11/12 12:35:59,7.314
2022/11/12 12:36:00,7.454
2022/11/12 12:36:01,7.314
2022/11/12 12:36:03,7.314
2022/11/12 12:36:03,7.454
2022/11/12 12:36:04,7.314
2022/11/12 12:36:05,7.314
2022/11/12 12:36:06,7.314
2022/11/12 12:36:08,7.314
2022/11/12 12:36:08,7.454
2022/11/12 12:36:10,7.314
2022/11/12 12:36:11,7.454
2022/11/12 12:36:12,7.314
2022/11/12 12:36:13,7.454
2022/11/12 12:36:14,7.314
2022/11/12 12:36:15,7.454
2022/11/12 12:36:16,7.314
2022/11/12 12:36:17,7.454
2022/11/12 12:36:18,7.314
2022/11/12 12:36:19,7.314
2022/11/12 12:36:20,7.454
2022/11/12 12:36:21,7.314
2022/11/12 12:36:22,7.454
2022/11/12 12:36:23,7.314
2022/11/12 12:36:24,7.314
2022/11/12 12:36:25,7.314
2022/11/12 12:36:26,7.454
2022/11/12 12:36:27,7.314
2022/11/12 12:36:28,7.314
2022/11/12 12:36:29,7.314
2022/11/12 12:36:30,7.314
2022/11/12 12:36:31,7.454
2022/11/12 12:36:32,7.314
2022/11/12 12:36:33,7.454
2022/11/12 12:36:34,7.314
2022/11/12 12:36:35,7.314
2022/11/12 12:36:36,7.314
2022/11/12 12:36:37,7.314
2022/11/12 12:36:38,7.314
2022/11/12 12:36:39,7.454
2022/11/12 12:36:40,7.314
2022/11/12 12:36:41,7.173
2022/11/12 12:36:42,7.454
2022/11/12 12:36:43,7.314
2022/11/12 12:36:44,7.173
2022/11/12 12:36:45,7.314
2022/11/12 12:36:46,7.314
2022/11/12 12:36:47,7.314
2022/11/12 12:36:48,7.454
2022/11/12 12:36:49,7.314
2022/11/12 12:36:50,7.314
2022/11/12 12:36:51,7.314
2022/11/12 12:36:52,7.454
2022/11/12 12:36:53,7.314
2022/11/12 12:36:54,7.454
2022/11/12 12:36:55,7.314
2022/11/12 12:36:56,7.314
2022/11/12 12:36:57,7.314
2022/11/12 12:36:58,7.314
2022/11/12 12:36:59,7.314
2022/11/12 12:39:53,7.454
2022/11/12 12:39:53,7.314
2022/11/12 12:39:53,7.314
2022/11/12 12:39:53,7.314
2022/11/12 12:39:53,7.314
2022/11/12 12:39:53,7.454
2022/11/12 12:39:53,7.314
2022/11/12 12:39:53,7.314
2022/11/12 12:39:53,7.314
2022/11/12 12:39:53,7.314
2022/11/12 12:39:53,7.454
2022/11/12 12:39:53,7.314
2022/11/12 12:39:53,7.314
2022/11/12 12:39:53,7.454
2022/11/12 12:39:53,7.314
2022/11/12 12:39:53,7.314
2022/11/12 12:39:53,7.314
2022/11/12 12:39:53,7.454
2022/11/12 12:39:53,7.314
2022/11/12 12:39:53,7.314
2022/11/12 12:39:53,7.454
2022/11/12 12:39:53,7.454
2022/11/12 12:39:53,7.314
2022/11/12 12:39:53,7.454
2022/11/12 12:39:53,7.314
2022/11/12 12:39:54,7.314
2022/11/12 12:39:54,7.454
2022/11/12 12:39:54,7.314
2022/11/12 12:39:54,7.314
2022/11/12 12:39:54,7.454
2022/11/12 12:39:54,7.314
2022/11/12 12:39:54,7.314
2022/11/12 12:39:54,7.454
2022/11/12 12:39:54,7.314
2022/11/12 12:39:54,7.314
2022/11/12 12:39:54,7.314
2022/11/12 12:39:54,7.454
2022/11/12 12:39:54,7.314
2022/11/12 12:39:54,7.314
2022/11/12 12:39:54,7.314
2022/11/12 12:39:54,7.454
2022/11/12 12:39:54,7.314
2022/11/12 12:39:54,7.314
2022/11/12 12:39:54,7.454
2022/11/12 12:39:54,7.314
2022/11/12 12:39:54,7.314
2022/11/12 12:39:54,7.454
2022/11/12 12:39:54,7.314
2022/11/12 12:39:54,7.454
2022/11/12 12:39:54,7.314
2022/11/12 12:39:54,7.314
2022/11/12 12:39:54,7.454
2022/11/12 12:39:54,7.314
2022/11/12 12:39:54,7.314
2022/11/12 12:39:54,7.314
2022/11/12 12:39:54,7.454
2022/11/12 12:39:54,7.314
2022/11/12 12:39:54,7.314
2022/11/12 12:39:54,7.454
2022/11/12 12:39:54,7.314
2022/11/12 12:39:54,7.314
2022/11/12 12:39:54,7.454
2022/11/12 12:39:54,7.314
2022/11/12 12:39:55,7.314
2022/11/12 12:39:55,7.454
2022/11/12 12:39:55,7.314
2022/11/12 12:39:55,7.454
2022/11/12 12:39:55,7.314
2022/11/12 12:39:55,7.314
2022/11/12 12:39:55,7.314
2022/11/12 12:39:55,7.454
2022/11/12 12:39:55,7.454
2022/11/12 12:39:55,7.314
2022/11/12 12:39:55,7.454
2022/11/12 12:39:55,7.454
2022/11/12 12:39:55,7.314
2022/11/12 12:39:55,7.454
2022/11/12 12:39:55,7.314
2022/11/12 12:39:55,7.454
2022/11/12 12:39:55,7.454
2022/11/12 12:39:55,7.314
2022/11/12 12:39:55,7.454
2022/11/12 12:39:55,7.454
2022/11/12 12:39:55,7.454
2022/11/12 12:39:55,7.454
2022/11/12 12:39:55,7.454
2022/11/12 12:39:55,7.454
2022/11/12 12:39:55,7.314
2022/11/12 12:39:55,7.454
2022/11/12 12:39:55,7.454
2022/11/12 12:39:55,7.454
2022/11/12 12:39:55,7.454
2022/11/12 12:39:55,7.454
2022/11/12 12:39:55,7.454
2022/11/12 12:39:55,7.454
2022/11/12 12:39:55,7.454
2022/11/12 12:39:55,7.454
2022/11/12 12:39:55,7.314
2022/11/12 12:39:55,7.454
2022/11/12 12:39:55,7.454
2022/11/12 12:39:55,7.454
2022/11/12 12:39:55,7.454
2022/11/12 12:39:55,7.454
2022/11/12 12:39:55,7.314
2022/11/12 12:39:55,7.454
2022/11/12 12:39:55,7.454
2022/11/12 12:39:56,7.454
2022/11/12 12:39:56,7.454
2022/11/12 12:39:56,7.454
2022/11/12 12:39:56,7.314
2022/11/12 12:39:56,7.454
2022/11/12 12:39:56,7.454
2022/11/12 12:39:56,7.314
2022/11/12 12:39:56,7.454
2022/11/12 12:39:56,7.454
2022/11/12 12:39:56,7.314
2022/11/12 12:39:56,7.454
2022/11/12 12:39:56,7.454
2022/11/12 12:39:56,7.454
2022/11/12 12:39:56,7.454
2022/11/12 12:39:56,7.314
2022/11/12 12:39:56,7.454
2022/11/12 12:39:56,7.454
2022/11/12 12:39:56,7.454
2022/11/12 12:39:56,7.314
2022/11/12 12:39:56,7.454
2022/11/12 12:39:56,7.314
2022/11/12 12:39:56,7.454
2022/11/12 12:39:56,7.314
2022/11/12 12:39:56,7.454
2022/11/12 12:39:56,7.314
2022/11/12 12:39:56,7.454
2022/11/12 12:39:56,7.454
2022/11/12 12:39:56,7.454
2022/11/12 12:39:56,7.454
2022/11/12 12:39:56,7.454
2022/11/12 12:39:56,7.595
2022/11/12 12:39:56,7.454
2022/11/12 12:39:56,7.454
2022/11/12 12:39:56,7.595
2022/11/12 12:39:56,7.595
2022/11/12 12:39:56,7.454
2022/11/12 12:39:56,7.454
2022/11/12 12:39:56,7.595
2022/11/12 12:39:56,7.454
2022/11/12 12:39:56,7.595
2022/11/12 12:39:56,7.454
2022/11/12 12:39:56,7.454
2022/11/12 12:39:57,7.454
2022/11/12 12:39:57,7.454
2022/11/12 12:39:57,7.314
2022/11/12 12:39:57,7.314
2022/11/12 12:39:57,7.314
2022/11/12 12:39:57,7.454
2022/11/12 12:39:57,7.314
2022/11/12 12:39:57,7.454
2022/11/12 12:39:57,7.454
2022/11/12 12:39:57,7.454
2022/11/12 12:39:57,7.454
2022/11/12 12:39:57,7.314
2022/11/12 12:39:57,7.454
2022/11/12 12:39:57,7.314
2022/11/12 12:39:57,7.454
2022/11/12 12:39:57,7.454
2022/11/12 12:39:57,7.454
2022/11/12 12:39:57,7.454
2022/11/12 12:39:57,7.454
2022/11/12 12:39:57,7.454
2022/11/12 12:39:57,7.454
2022/11/12 12:39:57,7.595
2022/11/12 12:39:57,7.454
2022/11/12 12:39:57,7.454
2022/11/12 12:39:57,7.454
2022/11/12 12:39:57,7.454
2022/11/12 12:39:57,7.454
2022/11/12 12:39:57,7.454
2022/11/12 12:39:57,7.454
2022/11/12 12:39:57,7.595
2022/11/12 12:39:58,7.454
2022/11/12 12:39:59,7.595
2022/11/12 12:40:00,7.314
2022/11/12 12:40:01,7.454
2022/11/12 12:40:02,7.454
2022/11/12 12:40:03,7.314
2022/11/12 12:40:04,7.314
2022/11/12 12:40:05,7.454
2022/11/12 12:40:06,7.314
2022/11/12 12:40:07,7.314
2022/11/12 12:40:08,7.454
2022/11/12 12:40:09,7.314
2022/11/12 12:40:10,7.454
2022/11/12 12:40:11,7.595
2022/11/12 12:40:12,7.454
2022/11/12 12:40:13,7.314
2022/11/12 12:40:14,7.454
2022/11/12 12:40:15,7.454
2022/11/12 12:40:16,7.454
2022/11/12 12:40:17,7.454
2022/11/12 12:40:18,7.314
2022/11/12 12:40:19,7.454
2022/11/12 12:40:20,7.454
2022/11/12 12:40:21,7.454
2022/11/12 12:40:22,7.314
2022/11/12 12:40:23,7.454
2022/11/12 12:40:24,7.454
2022/11/12 12:40:25,7.314
2022/11/12 12:40:26,7.454
2022/11/12 12:40:27,7.314
2022/11/12 12:40:28,7.454
2022/11/12 12:40:29,7.454
2022/11/12 12:40:30,7.314
2022/11/12 12:40:31,7.454
2022/11/12 12:40:32,7.314
2022/11/12 12:40:33,7.454
2022/11/12 12:40:34,7.454
2022/11/12 12:40:35,7.454
2022/11/12 12:40:36,7.454
2022/11/12 12:40:37,7.314
2022/11/12 12:40:38,7.454
2022/11/12 12:40:39,7.454
2022/11/12 12:40:40,7.454
2022/11/12 12:40:41,7.454
2022/11/12 12:40:42,7.454
2022/11/12 12:40:43,7.454
2022/11/12 12:40:44,7.454
2022/11/12 12:40:45,7.314
2022/11/12 12:40:46,7.454
2022/11/12 12:40:47,7.314
2022/11/12 12:40:48,7.454
2022/11/12 12:40:49,7.314
2022/11/12 12:40:50,7.454
2022/11/12 12:40:51,7.454
2022/11/12 12:40:52,7.314
2022/11/12 12:40:53,7.454
2022/11/12 12:40:54,7.454
2022/11/12 12:40:55,7.454
2022/11/12 12:40:56,7.314
2022/11/12 12:40:57,7.454
2022/11/12 12:40:58,7.454
2022/11/12 12:40:59,7.454
2022/11/12 12:41:00,7.595
2022/11/12 12:41:01,7.314
2022/11/12 12:41:02,7.454
2022/11/12 12:41:03,7.454
2022/11/12 12:41:04,7.314
2022/11/12 12:41:05,7.454
2022/11/12 12:41:06,7.314
2022/11/12 12:41:07,7.454
2022/11/12 12:41:08,7.314
2022/11/12 12:41:09,7.314
2022/11/12 12:41:10,7.454
2022/11/12 12:41:11,7.314
2022/11/12 12:41:12,7.314
2022/11/12 12:41:13,7.454
2022/11/12 12:41:14,7.314
2022/11/12 12:41:15,7.454
2022/11/12 12:41:16,7.314
2022/11/12 12:41:17,7.454
2022/11/12 12:41:18,7.314
2022/11/12 12:41:19,7.454
2022/11/12 12:41:20,7.454
2022/11/12 12:41:21,7.314
2022/11/12 12:41:22,7.314
2022/11/12 12:41:23,7.454
2022/11/12 12:41:24,7.314
2022/11/12 12:41:25,7.454
2022/11/12 12:41:26,7.314
2022/11/12 12:41:27,7.314
2022/11/12 12:41:28,7.314
2022/11/12 12:41:29,7.314
2022/11/12 12:41:30,7.314
2022/11/12 12:41:31,7.454
2022/11/12 12:41:32,7.314
2022/11/12 12:41:33,7.314
2022/11/12 12:41:34,7.454
2022/11/12 12:41:35,7.314
2022/11/12 12:41:36,7.454
2022/11/12 12:41:37,7.314
2022/11/12 12:41:38,7.314
2022/11/12 12:41:39,7.454
2022/11/12 12:41:40,7.454
2022/11/12 12:41:41,7.314
2022/11/12 12:41:42,7.454
2022/11/12 12:41:43,7.314
2022/11/12 12:41:44,7.314
2022/11/12 12:41:45,7.454
2022/11/12 12:41:46,7.314
2022/11/12 12:41:47,7.454
2022/11/12 12:41:48,7.454
2022/11/12 12:41:49,7.314
2022/11/12 12:41:50,7.454
2022/11/12 12:41:51,7.454
2022/11/12 12:41:52,7.314
2022/11/12 12:41:53,7.454
2022/11/12 12:41:54,7.314
2022/11/12 12:41:55,7.454
2022/11/12 12:41:56,7.314
2022/11/12 12:41:57,7.454
2022/11/12 12:41:58,7.314
2022/11/12 12:41:59,7.314
2022/11/12 12:42:00,7.454
2022/11/12 12:42:01,7.314
2022/11/12 12:42:02,7.314
2022/11/12 12:42:03,7.454
2022/11/12 12:42:04,7.314
2022/11/12 12:42:05,7.314
2022/11/12 12:42:06,7.314
2022/11/12 12:42:07,7.314
2022/11/12 12:42:08,7.454
2022/11/12 12:42:09,7.314
2022/11/12 12:42:10,7.314
2022/11/12 12:42:11,7.314
2022/11/12 12:42:12,7.595
2022/11/12 12:42:13,7.314
2022/11/12 12:42:14,7.454
2022/11/12 12:42:15,7.173
2022/11/12 12:42:16,7.314
2022/11/12 12:42:17,7.454
2022/11/12 12:42:18,7.173
2022/11/12 12:42:19,7.314
2022/11/12 12:42:20,7.454
2022/11/12 12:42:21,7.314
2022/11/12 12:42:22,7.314
2022/11/12 12:42:23,7.314
2022/11/12 12:42:24,7.454
2022/11/12 12:42:25,7.314
2022/11/12 12:42:26,7.454
2022/11/12 12:42:27,7.454
2022/11/12 12:42:28,7.314
2022/11/12 12:42:29,7.314
2022/11/12 12:42:30,7.454
2022/11/12 12:42:31,7.314
2022/11/12 12:42:32,6.61
2022/11/12 12:42:33,2.391
2022/11/12 12:42:34,2.391
2022/11/12 12:42:35,2.813
2022/11/12 12:42:36,3.376
2022/11/12 12:42:37,3.938
2022/11/12 12:42:38,4.079
2022/11/12 12:42:39,4.782
2022/11/12 12:42:40,4.923
2022/11/12 12:42:41,5.345
2022/11/12 12:42:42,5.485
2022/11/12 12:42:43,5.626
2022/11/12 12:42:44,5.907
2022/11/12 12:42:45,6.188
2022/11/12 12:42:46,6.048
2022/11/12 12:42:47,6.329
2022/11/12 12:42:48,6.188
2022/11/12 12:42:49,6.329
2022/11/12 12:42:50,6.47
2022/11/12 12:42:51,6.47
2022/11/12 12:42:52,6.61
2022/11/12 12:42:53,6.47
2022/11/12 12:42:54,6.751
2022/11/12 12:42:55,6.61
2022/11/12 12:42:56,6.751
2022/11/12 12:42:57,6.751
2022/11/12 12:42:58,6.892
2022/11/12 12:42:59,6.751
2022/11/12 12:43:00,6.892
2022/11/12 12:43:01,7.032
2022/11/12 12:43:02,6.892
2022/11/12 12:43:03,7.032
2022/11/12 12:43:04,7.173
2022/11/12 12:43:05,7.032
2022/11/12 12:43:06,7.173
2022/11/12 12:43:07,7.173
2022/11/12 12:43:08,7.173
2022/11/12 12:43:09,7.173
2022/11/12 12:43:10,7.173
2022/11/12 12:43:11,7.173
2022/11/12 12:43:12,7.032
2022/11/12 12:43:13,7.173
2022/11/12 12:43:14,7.173
2022/11/12 12:43:15,7.314
2022/11/12 12:43:16,7.173
2022/11/12 12:43:17,7.314
2022/11/12 12:43:18,7.173
2022/11/12 12:43:19,7.314
2022/11/12 12:43:20,7.314
2022/11/12 12:43:21,7.173
2022/11/12 12:43:22,7.314
2022/11/12 12:43:23,7.173
2022/11/12 12:43:24,7.173
2022/11/12 12:43:25,7.314
2022/11/12 12:43:26,7.314
2022/11/12 12:43:27,7.314
2022/11/12 12:43:28,7.314
2022/11/12 12:43:29,7.454
2022/11/12 12:43:30,7.314
2022/11/12 12:43:31,7.314
2022/11/12 12:43:32,7.454
2022/11/12 12:43:33,7.314
2022/11/12 12:43:34,7.454
2022/11/12 12:43:35,7.454
2022/11/12 12:43:36,7.454
2022/11/12 12:43:37,7.314
2022/11/12 12:43:38,7.454
2022/11/12 12:43:39,7.454
2022/11/12 12:43:40,7.454
2022/11/12 12:43:41,7.454
2022/11/12 12:43:42,7.314
2022/11/12 12:43:43,7.454
2022/11/12 12:43:44,7.314
2022/11/12 12:43:45,7.454
2022/11/12 12:43:46,7.454
2022/11/12 12:43:47,7.314
2022/11/12 12:43:48,7.454
2022/11/12 12:43:49,7.314
2022/11/12 12:43:50,7.454
2022/11/12 12:43:51,7.454
2022/11/12 12:43:52,7.314
2022/11/12 12:43:53,7.454
2022/11/12 12:43:54,7.454
2022/11/12 12:43:55,7.454
2022/11/12 12:43:56,7.454
2022/11/12 12:43:57,7.454
2022/11/12 12:43:58,7.454
2022/11/12 12:43:59,7.454
2022/11/12 12:44:00,7.595
2022/11/12 12:44:02,7.454
2022/11/12 12:44:02,7.454
2022/11/12 12:44:03,7.454
2022/11/12 12:44:05,7.454
2022/11/12 12:44:06,7.454
2022/11/12 12:44:06,7.454
2022/11/12 12:44:08,7.454
2022/11/12 12:44:09,7.454
2022/11/12 12:44:10,7.454
2022/11/12 12:44:11,7.454
2022/11/12 12:44:12,7.454
2022/11/12 12:44:13,7.454
2022/11/12 12:44:14,7.314
2022/11/12 12:44:15,7.595
2022/11/12 12:44:16,7.314
2022/11/12 12:44:17,7.454
2022/11/12 12:44:18,7.454
2022/11/12 12:44:19,7.454
2022/11/12 12:44:20,7.454
2022/11/12 12:44:21,7.454
2022/11/12 12:44:22,7.314
2022/11/12 12:44:23,7.454
2022/11/12 12:44:24,7.454
2022/11/12 12:44:25,7.454
2022/11/12 12:44:26,7.454
2022/11/12 12:44:27,7.454
2022/11/12 12:44:28,7.454
2022/11/12 12:44:29,7.454
2022/11/12 12:44:30,7.595
2022/11/12 12:44:31,7.454
2022/11/12 12:44:32,7.454
2022/11/12 12:44:33,7.595
2022/11/12 12:44:34,7.454
2022/11/12 12:44:35,7.595
2022/11/12 12:44:36,7.454
2022/11/12 12:44:37,7.595
2022/11/12 12:44:38,7.454
2022/11/12 12:44:39,7.454
2022/11/12 12:44:40,7.595
2022/11/12 12:44:41,7.454
2022/11/12 12:44:42,7.454
2022/11/12 12:44:43,7.595
2022/11/12 12:44:44,7.454
2022/11/12 12:44:45,7.454
2022/11/12 12:44:46,7.595
2022/11/12 12:44:47,7.454
2022/11/12 12:44:48,7.454
2022/11/12 12:44:49,7.454
2022/11/12 12:44:50,7.454
2022/11/12 12:44:51,7.595
2022/11/12 12:44:52,7.454
2022/11/12 12:44:53,7.454
2022/11/12 12:44:54,7.595
2022/11/12 12:44:55,7.454
2022/11/12 12:44:56,7.595
2022/11/12 12:44:57,7.454
2022/11/12 12:44:58,7.454
2022/11/12 12:44:59,7.454
2022/11/12 12:45:00,7.454
2022/11/12 12:45:01,7.595
2022/11/12 12:45:02,7.314
2022/11/12 12:45:03,7.454
2022/11/12 12:45:04,7.454
2022/11/12 12:45:05,7.454
2022/11/12 12:45:06,7.454
2022/11/12 12:45:07,7.454
2022/11/12 12:45:08,7.454
2022/11/12 12:45:09,7.454
2022/11/12 12:45:10,7.454
2022/11/12 12:45:11,7.454
2022/11/12 12:45:12,7.454
2022/11/12 12:45:13,7.314
2022/11/12 12:45:14,7.454
2022/11/12 12:45:15,7.454
2022/11/12 12:45:16,7.454
2022/11/12 12:45:17,7.454
2022/11/12 12:45:18,7.454
2022/11/12 12:45:19,7.595
2022/11/12 12:45:20,7.314
2022/11/12 12:45:21,7.454
2022/11/12 12:45:22,7.454
2022/11/12 12:45:23,7.454
2022/11/12 12:45:24,7.454
2022/11/12 12:45:25,7.454
2022/11/12 12:45:26,7.454
2022/11/12 12:45:27,7.314
2022/11/12 12:45:28,7.454
2022/11/12 12:45:29,7.454
2022/11/12 12:45:30,7.454
2022/11/12 12:45:31,7.454
2022/11/12 12:45:32,7.314
2022/11/12 12:45:33,7.454
2022/11/12 12:45:34,7.454
2022/11/12 12:45:35,7.454
2022/11/12 12:45:36,7.454
2022/11/12 12:45:37,7.454
2022/11/12 12:45:38,7.314
2022/11/12 12:45:39,7.454
2022/11/12 12:45:40,7.454
2022/11/12 12:45:41,7.454
2022/11/12 12:45:42,7.454
2022/11/12 12:45:43,7.454
2022/11/12 12:45:44,7.454
2022/11/12 12:45:45,7.454
2022/11/12 12:45:46,7.454
2022/11/12 12:45:47,7.454
2022/11/12 12:45:48,7.454
2022/11/12 12:45:49,7.454
2022/11/12 12:45:50,7.454
2022/11/12 12:45:51,7.454
2022/11/12 12:45:52,7.454
2022/11/12 12:45:53,7.454
2022/11/12 12:45:54,7.454
2022/11/12 12:45:55,7.595
2022/11/12 12:45:56,7.454
2022/11/12 12:45:57,7.454
2022/11/12 12:45:58,7.454
2022/11/12 12:45:59,7.454
2022/11/12 12:46:00,7.454
2022/11/12 12:46:01,7.454
2022/11/12 12:46:02,7.454
2022/11/12 12:46:03,7.454
2022/11/12 12:46:04,7.454
2022/11/12 12:46:05,7.314
2022/11/12 12:46:06,7.454
2022/11/12 12:46:07,7.454
2022/11/12 12:46:08,7.454
2022/11/12 12:46:09,7.454
2022/11/12 12:46:10,7.454
2022/11/12 12:46:11,7.314
2022/11/12 12:46:12,7.454
2022/11/12 12:46:13,7.454
2022/11/12 12:46:14,7.314
2022/11/12 12:46:15,7.454
2022/11/12 12:46:16,7.454
2022/11/12 12:46:17,7.454
2022/11/12 12:46:18,7.454
2022/11/12 12:46:19,7.314
2022/11/12 12:46:20,7.454
2022/11/12 12:46:21,7.454
2022/11/12 12:46:22,7.454
2022/11/12 12:46:23,7.454
2022/11/12 12:46:24,7.454
2022/11/12 12:46:25,7.454
2022/11/12 12:46:26,7.454
2022/11/12 12:46:27,7.595
2022/11/12 12:46:28,7.454
2022/11/12 12:46:29,7.454
2022/11/12 12:46:30,7.454
2022/11/12 12:46:32,7.454
2022/11/12 12:46:33,6.048
2022/11/12 12:46:34,2.25
2022/11/12 12:46:35,3.235
2022/11/12 12:46:36,3.797
2022/11/12 12:46:37,4.36
2022/11/12 12:46:38,4.641
2022/11/12 12:46:39,5.345
2022/11/12 12:46:40,5.626
2022/11/12 12:46:41,5.767
2022/11/12 12:46:42,6.048
2022/11/12 12:46:43,6.188
2022/11/12 12:46:44,6.188
2022/11/12 12:46:45,6.47
2022/11/12 12:46:46,6.47
2022/11/12 12:46:47,6.47
2022/11/12 12:46:48,6.61
2022/11/12 12:46:49,6.61
2022/11/12 12:46:50,6.751
2022/11/12 12:46:51,6.751
2022/11/12 12:46:52,6.751
2022/11/12 12:46:53,6.892
2022/11/12 12:46:54,6.751
2022/11/12 12:46:55,6.892
2022/11/12 12:46:56,7.032
2022/11/12 12:46:57,6.892
2022/11/12 12:46:58,7.032
2022/11/12 12:46:59,7.173
2022/11/12 12:47:01,7.173
2022/11/12 12:47:02,7.173
2022/11/12 12:47:03,7.173
2022/11/12 12:47:04,7.173
2022/11/12 12:47:05,7.173
2022/11/12 12:47:06,7.314
2022/11/12 12:47:07,7.173
2022/11/12 12:47:08,7.173
2022/11/12 12:47:09,7.314
2022/11/12 12:47:10,7.173
2022/11/12 12:47:11,7.314
2022/11/12 12:47:12,7.314
2022/11/12 12:47:13,7.173
2022/11/12 12:47:14,7.314
2022/11/12 12:47:15,7.314
2022/11/12 12:47:16,7.314
2022/11/12 12:47:17,7.314
2022/11/12 12:47:18,7.314
2022/11/12 12:47:19,7.314
2022/11/12 12:47:20,7.314
2022/11/12 12:47:21,7.314
2022/11/12 12:47:22,7.454
2022/11/12 12:47:23,7.314
2022/11/12 12:47:24,7.314
2022/11/12 12:47:25,7.454
2022/11/12 12:47:26,7.314
2022/11/12 12:47:27,7.454
2022/11/12 12:47:28,7.314
2022/11/12 12:47:29,7.454
2022/11/12 12:47:30,7.314
2022/11/12 12:47:31,7.314
2022/11/12 12:47:32,7.454
2022/11/12 12:47:33,7.454
2022/11/12 12:47:34,7.314
2022/11/12 12:47:35,7.454
2022/11/12 12:47:36,7.454
2022/11/12 12:47:37,7.454
2022/11/12 12:47:38,7.314
2022/11/12 12:47:39,7.454
2022/11/12 12:47:40,7.454
2022/11/12 12:47:41,7.454
2022/11/12 12:47:42,7.454
2022/11/12 12:47:43,7.454
2022/11/12 12:47:44,7.454
2022/11/12 12:47:45,7.454
2022/11/12 12:47:46,7.454
2022/11/12 12:47:47,7.454
2022/11/12 12:47:48,7.454
2022/11/12 12:47:49,7.454
2022/11/12 12:47:50,7.454
2022/11/12 12:47:51,7.454
2022/11/12 12:47:52,7.454
2022/11/12 12:47:53,7.454
2022/11/12 12:47:54,7.454
2022/11/12 12:47:55,7.454
2022/11/12 12:47:56,7.454
2022/11/12 12:47:57,7.454
2022/11/12 12:47:58,7.314
2022/11/12 12:47:59,7.454
2022/11/12 12:48:00,7.454
2022/11/12 12:48:01,7.454
2022/11/12 12:48:02,7.454
2022/11/12 12:48:03,7.314
2022/11/12 12:48:04,7.454
2022/11/12 12:48:05,7.314
2022/11/12 12:48:06,7.454
2022/11/12 12:48:07,7.454
2022/11/12 12:49:42,7.314
2022/11/12 12:49:42,7.454
2022/11/12 12:49:42,7.314
2022/11/12 12:49:42,7.454
2022/11/12 12:49:42,7.454
2022/11/12 12:49:42,7.454
2022/11/12 12:49:42,7.454
2022/11/12 12:49:42,7.454
2022/11/12 12:49:42,7.314
2022/11/12 12:49:42,7.454
2022/11/12 12:49:42,7.314
2022/11/12 12:49:42,7.454
2022/11/12 12:49:42,7.314
2022/11/12 12:49:42,7.454
2022/11/12 12:49:42,7.314
2022/11/12 12:49:42,7.454
2022/11/12 12:49:43,7.454
2022/11/12 12:49:43,7.595
2022/11/12 12:49:43,7.454
2022/11/12 12:49:43,7.454
2022/11/12 12:49:43,7.454
2022/11/12 12:49:43,7.595
2022/11/12 12:49:43,7.454
2022/11/12 12:49:43,7.454
2022/11/12 12:49:43,7.454
2022/11/12 12:49:43,7.595
2022/11/12 12:49:43,7.454
2022/11/12 12:49:43,7.595
2022/11/12 12:49:43,7.454
2022/11/12 12:49:43,7.454
2022/11/12 12:49:43,7.454
2022/11/12 12:49:43,7.595
2022/11/12 12:49:43,7.454
2022/11/12 12:49:43,7.454
2022/11/12 12:49:43,7.595
2022/11/12 12:49:43,7.454
2022/11/12 12:49:43,7.454
2022/11/12 12:49:43,7.454
2022/11/12 12:49:43,7.454
2022/11/12 12:49:43,7.454
2022/11/12 12:49:43,7.595
2022/11/12 12:49:43,7.454
2022/11/12 12:49:43,7.454
2022/11/12 12:49:43,7.595
2022/11/12 12:49:43,7.454
2022/11/12 12:49:43,7.454
2022/11/12 12:49:43,7.454
2022/11/12 12:49:43,7.454
2022/11/12 12:49:43,7.595
2022/11/12 12:49:43,7.454
2022/11/12 12:49:43,7.454
2022/11/12 12:49:43,7.454
2022/11/12 12:49:43,7.454
2022/11/12 12:49:43,7.595
2022/11/12 12:49:43,7.454
2022/11/12 12:49:44,7.454
2022/11/12 12:49:44,7.454
2022/11/12 12:49:44,7.454
2022/11/12 12:49:44,7.454
2022/11/12 12:49:44,7.454
2022/11/12 12:49:44,7.595
2022/11/12 12:49:44,7.454
2022/11/12 12:49:44,7.454
2022/11/12 12:49:44,7.595
2022/11/12 12:49:44,7.454
2022/11/12 12:49:44,7.454
2022/11/12 12:49:44,7.454
2022/11/12 12:49:44,7.454
2022/11/12 12:49:44,7.454
2022/11/12 12:49:44,7.454
2022/11/12 12:49:44,7.454
2022/11/12 12:49:44,7.454
2022/11/12 12:49:44,7.454
2022/11/12 12:49:44,7.454
2022/11/12 12:49:44,7.314
2022/11/12 12:49:44,7.595
2022/11/12 12:49:44,7.454
2022/11/12 12:49:44,7.454
2022/11/12 12:49:44,7.454
2022/11/12 12:49:44,7.454
2022/11/12 12:49:44,7.595
2022/11/12 12:49:44,7.454
2022/11/12 12:49:44,7.454
2022/11/12 12:49:44,7.454
2022/11/12 12:49:44,7.314
2022/11/12 12:49:44,7.454
2022/11/12 12:49:44,7.454
2022/11/12 12:49:44,7.454
2022/11/12 12:49:44,7.314
2022/11/12 12:49:44,7.454
2022/11/12 12:49:44,7.454
2022/11/12 12:49:44,7.454
2022/11/12 12:49:44,7.454
2022/11/12 12:49:44,7.314
2022/11/12 12:49:44,7.454
2022/11/12 12:49:44,7.454
2022/11/12 12:49:44,7.314
2022/11/12 12:49:45,7.454
2022/11/12 12:49:46,7.454
2022/11/12 12:49:47,7.454
2022/11/12 12:49:48,7.454
2022/11/12 12:49:49,7.314
2022/11/12 12:49:50,7.454
2022/11/12 12:49:51,7.454
2022/11/12 12:49:52,7.314
2022/11/12 12:49:53,7.454
2022/11/12 12:49:54,7.454
2022/11/12 12:49:55,7.454
2022/11/12 12:49:56,7.454
2022/11/12 12:49:57,7.454
2022/11/12 12:49:58,7.314
2022/11/12 12:49:59,7.454
2022/11/12 12:50:00,7.314
2022/11/12 12:50:01,7.454
2022/11/12 12:50:02,7.314
2022/11/12 12:50:03,7.454
2022/11/12 12:50:04,7.454
2022/11/12 12:50:05,7.314
2022/11/12 12:50:06,7.454
2022/11/12 12:50:07,7.454
2022/11/12 12:50:09,7.314
2022/11/12 12:50:09,7.454
2022/11/12 12:50:10,7.454
2022/11/12 12:50:11,7.454
2022/11/12 12:50:12,7.454
2022/11/12 12:50:13,7.454
2022/11/12 12:50:14,7.454
2022/11/12 12:50:15,7.454
2022/11/12 12:50:16,7.454
2022/11/12 12:50:17,7.454
2022/11/12 12:50:18,7.454
2022/11/12 12:50:19,7.314
2022/11/12 12:50:20,7.454
2022/11/12 12:50:21,7.454
2022/11/12 12:50:22,7.314
2022/11/12 12:50:23,7.454
2022/11/12 12:50:24,7.454
2022/11/12 12:50:25,7.314
2022/11/12 12:50:26,7.454
2022/11/12 12:50:27,7.454
2022/11/12 12:50:28,7.454
2022/11/12 12:50:29,7.454
2022/11/12 12:50:30,7.454
2022/11/12 12:50:31,7.454
2022/11/12 12:50:32,7.314
2022/11/12 12:50:33,7.454
2022/11/12 12:50:34,7.454
2022/11/12 12:50:35,7.454
2022/11/12 12:50:36,7.454
2022/11/12 12:50:37,7.454
2022/11/12 12:50:38,7.454
2022/11/12 12:50:39,7.454
2022/11/12 12:50:40,7.454
2022/11/12 12:50:41,7.314
2022/11/12 12:50:42,7.454
2022/11/12 12:50:43,7.454
2022/11/12 12:50:44,7.314
2022/11/12 12:50:45,7.454
2022/11/12 12:50:46,7.454
2022/11/12 12:50:47,7.314
2022/11/12 12:50:48,7.454
2022/11/12 12:50:49,7.454
2022/11/12 12:50:50,7.314
2022/11/12 12:50:51,7.454
2022/11/12 12:50:52,7.314
2022/11/12 12:50:53,7.454
2022/11/12 12:50:54,7.314
2022/11/12 12:50:55,7.454
2022/11/12 12:50:56,7.454
2022/11/12 12:50:57,7.314
2022/11/12 12:50:58,7.454
2022/11/12 12:50:59,7.454
2022/11/12 12:51:00,7.314
2022/11/12 12:51:01,7.454
2022/11/12 12:51:02,7.454
2022/11/12 12:51:03,7.454
2022/11/12 12:51:04,7.454
2022/11/12 12:51:05,7.314
2022/11/12 12:51:06,7.454
2022/11/12 12:51:07,7.454
2022/11/12 12:51:08,7.454
2022/11/12 12:51:09,7.454
2022/11/12 12:51:10,7.454
2022/11/12 12:51:11,7.454
2022/11/12 12:51:12,7.454
2022/11/12 12:51:13,7.314
2022/11/12 12:51:14,7.454
2022/11/12 12:51:15,7.595
2022/11/12 12:51:16,7.454
2022/11/12 12:51:17,7.454
2022/11/12 12:51:18,7.454
2022/11/12 12:51:19,7.454
2022/11/12 12:51:20,7.595
2022/11/12 12:51:21,7.454
2022/11/12 12:51:22,7.454
2022/11/12 12:51:23,7.454
2022/11/12 12:51:24,7.454
2022/11/12 12:51:25,7.454
2022/11/12 12:51:26,7.454
2022/11/12 12:51:27,7.595
2022/11/12 12:51:28,7.454
2022/11/12 12:51:29,7.314
2022/11/12 12:51:30,7.454
2022/11/12 12:51:31,7.454
2022/11/12 12:51:32,7.454
2022/11/12 12:51:33,7.454
2022/11/12 12:51:34,7.454
2022/11/12 12:51:35,7.454
2022/11/12 12:51:36,7.454
2022/11/12 12:51:37,7.454
2022/11/12 12:51:38,7.454
2022/11/12 12:51:39,7.454
2022/11/12 12:51:40,7.454
2022/11/12 12:51:41,7.454
2022/11/12 12:51:42,7.454
2022/11/12 12:51:43,7.454
2022/11/12 12:51:44,7.314
2022/11/12 12:51:45,7.454
2022/11/12 12:51:46,7.454
2022/11/12 12:51:47,7.454
2022/11/12 12:51:48,7.454
2022/11/12 12:51:49,7.595
2022/11/12 12:51:50,7.454
2022/11/12 12:51:51,7.454
2022/11/12 12:51:52,7.454
2022/11/12 12:51:53,7.454
2022/11/12 12:51:54,7.454
2022/11/12 12:51:55,7.454
2022/11/12 12:51:56,7.454
2022/11/12 12:51:57,7.454
2022/11/12 12:51:58,7.454
2022/11/12 12:52:00,7.454
2022/11/12 12:52:00,7.454
2022/11/12 12:52:01,7.454
2022/11/12 12:52:03,7.454
2022/11/12 12:52:04,7.454
2022/11/12 12:52:05,7.454
2022/11/12 12:52:06,7.454
2022/11/12 12:52:07,7.454
2022/11/12 12:52:08,7.454
2022/11/12 12:52:09,7.454
2022/11/12 12:52:10,7.454
2022/11/12 12:52:11,7.454
2022/11/12 12:52:12,7.454
2022/11/12 12:52:13,7.454
2022/11/12 12:52:14,7.454
2022/11/12 12:52:15,7.454
2022/11/12 12:52:16,7.454
2022/11/12 12:52:17,7.454
2022/11/12 12:52:18,7.595
2022/11/12 12:52:19,7.314
2022/11/12 12:52:20,7.454
2022/11/12 12:52:21,7.454
2022/11/12 12:52:22,7.454
2022/11/12 12:52:23,7.454
2022/11/12 12:52:24,7.314
2022/11/12 12:52:25,7.454
2022/11/12 12:52:26,7.454
2022/11/12 12:52:27,7.454
2022/11/12 12:52:28,7.314
2022/11/12 12:52:29,7.454
2022/11/12 12:52:30,7.454
2022/11/12 12:52:31,7.454
2022/11/12 12:52:32,7.454
2022/11/12 12:52:33,7.454
2022/11/12 12:52:34,7.454
2022/11/12 12:52:35,7.454
2022/11/12 12:52:36,7.454
2022/11/12 12:52:37,7.314
2022/11/12 12:52:38,7.454
2022/11/12 12:52:39,7.314
2022/11/12 12:52:40,7.454
2022/11/12 12:52:41,7.454
2022/11/12 12:52:42,7.454
2022/11/12 12:52:43,7.454
2022/11/12 12:52:44,7.314
2022/11/12 12:52:45,7.454
2022/11/12 12:52:46,7.454
2022/11/12 12:52:47,7.454
2022/11/12 12:52:48,7.454
2022/11/12 12:52:49,7.454
2022/11/12 12:52:50,7.454
2022/11/12 12:52:51,7.454
2022/11/12 12:52:52,7.454
2022/11/12 12:52:53,7.314
2022/11/12 12:52:54,7.454
2022/11/12 12:52:55,7.454
2022/11/12 12:52:56,7.454
2022/11/12 12:52:57,7.454
2022/11/12 12:52:58,7.454
2022/11/12 12:52:59,7.454
2022/11/12 12:53:00,7.454
2022/11/12 12:53:01,7.454
2022/11/12 12:53:02,7.454
2022/11/12 12:53:03,7.595
2022/11/12 12:53:04,7.314
2022/11/12 12:53:05,7.454
2022/11/12 12:53:06,7.595
2022/11/12 12:53:07,7.454
2022/11/12 12:53:08,7.314
2022/11/12 12:53:09,7.454
2022/11/12 12:53:10,7.454
2022/11/12 12:53:11,7.454
2022/11/12 12:53:12,7.454
2022/11/12 12:53:13,7.454
2022/11/12 12:53:14,7.454
2022/11/12 12:53:15,7.595
2022/11/12 12:53:16,7.314
2022/11/12 12:53:17,7.454
2022/11/12 12:53:18,7.454
2022/11/12 12:53:19,7.454
2022/11/12 12:53:20,7.454
2022/11/12 12:53:21,7.595
2022/11/12 12:53:22,7.454
2022/11/12 12:53:23,7.454
2022/11/12 12:53:24,7.454
2022/11/12 12:53:25,7.595
2022/11/12 12:53:26,7.454
2022/11/12 12:53:27,7.454
2022/11/12 12:53:28,7.595
2022/11/12 12:53:29,7.454
2022/11/12 12:53:30,7.595
2022/11/12 12:53:31,7.454
2022/11/12 12:53:32,7.595
2022/11/12 12:53:33,7.595
2022/11/12 12:53:34,7.454
2022/11/12 12:53:35,7.595
2022/11/12 12:53:36,7.454
2022/11/12 12:53:37,7.595
2022/11/12 12:53:38,7.454
2022/11/12 12:53:39,7.595
2022/11/12 12:53:40,7.454
2022/11/12 12:53:41,7.454
2022/11/12 12:53:42,7.595
2022/11/12 12:53:43,7.595
2022/11/12 12:53:44,7.595
2022/11/12 12:53:45,7.595
2022/11/12 12:53:46,7.454
2022/11/12 12:53:47,7.595
2022/11/12 12:53:48,7.595
2022/11/12 12:53:49,7.595
2022/11/12 12:53:50,7.454
2022/11/12 12:53:51,7.595
2022/11/12 12:53:52,7.454
2022/11/12 12:53:53,7.595
2022/11/12 12:53:54,7.595
2022/11/12 12:53:55,7.454
2022/11/12 12:53:56,7.595
2022/11/12 12:53:57,7.454
2022/11/12 12:53:58,7.595
2022/11/12 12:53:59,7.595
2022/11/12 12:54:00,7.595
2022/11/12 12:54:01,7.595
2022/11/12 12:54:02,7.595
2022/11/12 12:54:03,7.454
2022/11/12 12:54:04,7.595
2022/11/12 12:54:05,7.595
2022/11/12 12:54:06,7.595
2022/11/12 12:54:07,7.595
2022/11/12 12:54:08,7.595
2022/11/12 12:54:09,7.454
2022/11/12 12:54:10,7.595
2022/11/12 12:54:11,7.454
2022/11/12 12:54:12,7.595
2022/11/12 12:54:13,7.595
2022/11/12 12:54:14,7.595
2022/11/12 12:54:15,7.595
2022/11/12 12:54:16,7.595
2022/11/12 12:54:17,7.595
2022/11/12 12:54:18,7.454
2022/11/12 12:54:19,7.595
2022/11/12 12:54:20,7.595
2022/11/12 12:54:21,7.595
2022/11/12 12:54:22,7.595
2022/11/12 12:54:23,7.595
2022/11/12 12:54:24,7.454
2022/11/12 12:54:25,7.595
2022/11/12 12:54:26,7.595
2022/11/12 12:54:27,7.454
2022/11/12 12:54:28,7.595
2022/11/12 12:54:29,7.595
2022/11/12 12:54:30,7.595
2022/11/12 12:54:31,7.454
2022/11/12 12:54:32,7.595
2022/11/12 12:54:33,7.595
2022/11/12 12:54:34,7.595
2022/11/12 12:54:35,7.595
2022/11/12 12:54:36,7.595
2022/11/12 12:54:37,7.595
2022/11/12 12:54:38,7.454
2022/11/12 12:54:39,7.595
2022/11/12 12:54:40,7.595
2022/11/12 12:54:41,7.595
2022/11/12 12:54:42,7.595
2022/11/12 12:54:43,7.595
2022/11/12 12:54:44,7.454
2022/11/12 12:54:45,7.595
2022/11/12 12:54:46,7.595
2022/11/12 12:54:47,7.595
2022/11/12 12:54:48,7.595
2022/11/12 12:54:49,7.595
2022/11/12 12:54:50,7.595
2022/11/12 12:54:51,7.454
2022/11/12 12:54:52,7.595
2022/11/12 12:54:53,7.595
2022/11/12 12:54:54,7.595
2022/11/12 12:54:55,7.595
2022/11/12 12:54:56,7.595
2022/11/12 12:54:57,7.454
2022/11/12 12:54:58,7.595
2022/11/12 12:54:59,7.595
2022/11/12 12:56:41,7.595
2022/11/12 12:56:41,7.454
2022/11/12 12:56:41,7.595
2022/11/12 12:56:41,7.595
2022/11/12 12:56:41,7.595
2022/11/12 12:56:41,7.595
2022/11/12 12:56:41,7.595
2022/11/12 12:56:41,7.595
2022/11/12 12:56:41,7.454
2022/11/12 12:56:41,7.595
2022/11/12 12:56:42,7.454
2022/11/12 12:56:42,7.736
2022/11/12 12:56:42,7.595
2022/11/12 12:56:42,7.454
2022/11/12 12:56:42,7.595
2022/11/12 12:56:42,7.595
2022/11/12 12:56:42,7.595
2022/11/12 12:56:42,7.595
2022/11/12 12:56:42,7.595
2022/11/12 12:56:42,7.454
2022/11/12 12:56:42,7.595
2022/11/12 12:56:42,7.595
2022/11/12 12:56:42,7.595
2022/11/12 12:56:42,7.595
2022/11/12 12:56:42,7.454
2022/11/12 12:56:42,7.595
2022/11/12 12:56:42,7.595
2022/11/12 12:56:42,7.454
2022/11/12 12:56:42,7.595
2022/11/12 12:56:42,7.595
2022/11/12 12:56:42,7.595
2022/11/12 12:56:42,7.595
2022/11/12 12:56:42,7.595
2022/11/12 12:56:42,7.595
2022/11/12 12:56:42,7.454
2022/11/12 12:56:42,7.736
2022/11/12 12:56:42,7.454
2022/11/12 12:56:42,7.595
2022/11/12 12:56:42,7.595
2022/11/12 12:56:42,7.454
2022/11/12 12:56:42,7.736
2022/11/12 12:56:42,7.454
2022/11/12 12:56:42,7.595
2022/11/12 12:56:42,7.595
2022/11/12 12:56:42,7.595
2022/11/12 12:56:42,7.595
2022/11/12 12:56:42,7.454
2022/11/12 12:56:42,7.595
2022/11/12 12:56:42,7.595
2022/11/12 12:56:42,7.595
2022/11/12 12:56:42,7.595
2022/11/12 12:56:43,7.595
2022/11/12 12:56:43,7.595
2022/11/12 12:56:43,7.595
2022/11/12 12:56:43,7.595
2022/11/12 12:56:43,7.595
2022/11/12 12:56:43,7.595
2022/11/12 12:56:43,7.595
2022/11/12 12:56:43,7.595
2022/11/12 12:56:43,7.595
2022/11/12 12:56:43,7.454
2022/11/12 12:56:43,7.595
2022/11/12 12:56:43,7.595
2022/11/12 12:56:43,7.595
2022/11/12 12:56:43,7.454
2022/11/12 12:56:43,7.595
2022/11/12 12:56:43,7.595
2022/11/12 12:56:43,7.454
2022/11/12 12:56:43,7.595
2022/11/12 12:56:43,7.595
2022/11/12 12:56:43,7.595
2022/11/12 12:56:43,7.595
2022/11/12 12:56:43,7.454
2022/11/12 12:56:43,7.595
2022/11/12 12:56:43,7.595
2022/11/12 12:56:43,7.454
2022/11/12 12:56:43,7.595
2022/11/12 12:56:43,7.595
2022/11/12 12:56:43,7.595
2022/11/12 12:56:43,7.454
2022/11/12 12:56:43,7.595
2022/11/12 12:56:43,7.595
2022/11/12 12:56:43,7.454
2022/11/12 12:56:43,7.595
2022/11/12 12:56:43,7.595
2022/11/12 12:56:43,7.595
2022/11/12 12:56:43,7.595
2022/11/12 12:56:43,7.595
2022/11/12 12:56:43,7.454
2022/11/12 12:56:43,7.595
2022/11/12 12:56:43,7.595
2022/11/12 12:56:43,7.595
2022/11/12 12:56:43,7.595
2022/11/12 12:56:43,7.595
2022/11/12 12:56:43,7.595
2022/11/12 12:56:43,7.595
2022/11/12 12:56:43,7.595
2022/11/12 12:56:44,7.454
2022/11/12 12:56:44,7.595
2022/11/12 12:56:44,7.595
2022/11/12 12:56:44,7.595
2022/11/12 12:56:44,7.595
2022/11/12 12:56:44,7.595
2022/11/12 12:56:44,7.595
2022/11/12 12:56:44,7.454
2022/11/12 12:56:45,7.595
2022/11/12 12:56:46,7.595
2022/11/12 12:56:47,7.595
2022/11/12 12:56:48,7.454
2022/11/12 12:56:49,7.595
2022/11/12 12:56:50,7.595
2022/11/12 12:56:51,7.454
2022/11/12 12:56:52,7.595
2022/11/12 12:56:53,7.595
2022/11/12 12:56:54,7.595
2022/11/12 12:56:55,7.454
2022/11/12 12:56:56,7.595
2022/11/12 12:56:57,7.595
2022/11/12 12:56:58,7.595
2022/11/12 12:56:59,7.595
2022/11/12 12:57:00,7.595
2022/11/12 12:57:01,7.595
2022/11/12 12:57:02,7.595
2022/11/12 12:57:03,7.595
2022/11/12 12:57:04,7.595
2022/11/12 12:57:05,7.595
2022/11/12 12:57:06,7.595
2022/11/12 12:57:07,7.454
2022/11/12 12:57:08,7.595
2022/11/12 12:57:09,7.595
2022/11/12 12:57:10,7.595
2022/11/12 12:57:11,7.595
2022/11/12 12:57:12,7.595
2022/11/12 12:57:13,7.595
2022/11/12 12:57:14,7.595
